Меры государственной поддержки в ИС ЦС АПК;Данные для настройки мер господдержки в ИС ЦС АПК;ФГБУ «АЦ Минсельхоза России»;115035, Российская Федерация, г. Москва, ул. Пятницкая, д. 14, стр. 10;https://www.mcxac.ru/upload/iblock/c7b/c7b23a7769771960e5c73856dfee94a1.rar;http://www.mcxac.ru/;pr.ac@mcxac.ru;+7 (495) 777-10-79
ALP-MARK;Автоматизированная система маркировки товаров.;ALP Group;123022, г. Москва, ул. 2-ая Звенигородская, д. 13, к.43;https://www.mcxac.ru/upload/iblock/9d9/9d98596fd3e06a37c66359202e875992.pdf;www.alp.ru;Julia.Nikulina@alp-erp.ru;+7(495)785-51-51 (#5168)
my-Beacon;Система контроля местоположения и эффективности персонала на основе технологии iBeacon.;"ООО ""Смарт-Ком""";194044, г. Санкт-Петербург, ул. Менделеевская, д. 2;https://www.mcxac.ru/upload/iblock/215/215ab6a036a8d5930dbbed7635f347d1.pdf;www.my-beacon.ru;mail@my-beacon.ru;+7(812)645-65-29
1Ф: Автоматизация;Автоматизированная система учета и регистрации личного подсобного хозяйства. Похозяйственная книга.;REGAGRO;143026,  г. Москва территория Инновационного центра «Сколково», ул.Нобеля, 7, 3/50/3;https://www.mcxac.ru/upload/iblock/7fa/7fa850d7f20609ec70bc521cbbabb807.pdf;www.regagro.ru;direct@regagro.ru;+7(985)001-98-85
AC «REGAGRO»;Автоматизированная система учета и регистрации сельскохозяйственных животных.;REGAGRO;143026,  г. Москва территория Инновационного центра «Сколково», ул.Нобеля, 7, 3/50/3;https://www.mcxac.ru/upload/iblock/2c9/2c980aceefa384080a7470be1ea82291.pdf;www.regagro.ru;direct@regagro.ru;+7(985)001-98-85
Цифровая модель управления персоналом;Решения для управления персоналом;Норбит;127083, г. Москва, ул. Юннатов, д. 18;https://www.mcxac.ru/upload/iblock/3df/3dfcacd2d24e6ac51800352a6fa67790.pdf;www.norbit.ru;info@norbit.ru;+7(495)787-29-92
ПРОСТОЕ РЕШЕНИЕ;Сервис стандартизированной отчетности, прогнозирования и моделирования, объединяющий системы управления предприятия.;"""Мустанг Технология Кормления""";117513, г. Москва, Ленинский проспект, д. 137. корп. 1;https://www.mcxac.ru/upload/iblock/f98/f9860036d5ffb2ed95c3a06156d94426.pdf;www.mustangtk.ru;mtk@mustangtk.ru;+7(495)931-91-90
Шлюзы безопасности ViPNet;Решения для защиты каналов связи.;ОАО «ИнфоТеКС»;127287, г. Москва, Старый Петровско-Разумовский пр-д, д. 1/23, стр. 1;https://www.mcxac.ru/upload/iblock/3b8/3b86bc1d30a203b706f399a2db052ca7.pdf;www.infotecs.ru;soft@infotecs.ru;+7(495)737-61-92
Система хранения данных архивной информации и безопасная облачная платформа файлового обмена на базе отечественных серверов Яхонт-УВМ и VALO Cloud;;НОРСИ-ТРАНС;127015, г. Москва, ул. Б. Новодмитровская, д. 12, стр. 15;https://www.mcxac.ruNone;norsi-trans.ru;info@norsi-trans.ru;+7(495)748-74-83
ГЭПС;Государственная электронная почтовая система;Почта России;131000, Москва, Варшавское шоссе, 37;https://www.mcxac.ruNone;https://www.pochta.ru;client@russianpost.ru;+7(495)956-20-67
Blockchain transparent tenders;Блокчейн-система для противодействия коррупции в сфере закупочной деятельности.;Waves Enterprise;109202, Москва, Берсеневская набережная, 6 стр.3;https://www.mcxac.ruNone;wavesenterprise.com/ru;sales@wavesenterprise.com;+7(499)112-44-33
E-finance;Блокчейн-платформа для новации обязательства в займ и динамического дисконтирования.;Waves Enterprise;109202, Москва, Берсеневская набережная, 6 стр.3;https://www.mcxac.ruNone;wavesenterprise.com/ru;sales@wavesenterprise.com;+7(499)112-44-33
«Сельская ипотека»;Система льготного ипотечного кредитования.;Waves Enterprise;109202, Москва, Берсеневская набережная, 6 стр.3;https://www.mcxac.ru/upload/iblock/24b/24be0ccdc3a6952491fe925ade98cd22.pdf;wavesenterprise.com/ru;sales@wavesenterprise.com;+7(499)112-44-33
Данные дистанционного зондирования;;Prime group;123298, г. Москва, 3-я Хорошевская ул. д.12;https://www.mcxac.ru/upload/iblock/799/799abdcf5d27c30ce8361f085ad9bd88.pdf;www.primegroup.ru;info@primegroup.ru;+7(499)579-77-01
Программно-аппаратный комплекс «РусГИС»;Цифровая трансформация сельского хозяйства, посредством внедрения цифровых технологий и платформенных решений.;Ростелеком;15172, Москва, ул. Гончарная, д. 30, стр 1;https://www.mcxac.ru/upload/iblock/20d/20dd62bfab86fe8086a80846aa55408f.pdf;moscow.rt.ru;rostelecom@rt.ru;+7(499)999-82-83
Защита от APT и реагирование на сложные угрозы (EDR и antiAPT);Сервисный подход к защите от целевых кибератак и сложных угроз.;Angara Professional Assistance;121096, г. Москва, ул. Василисы Кожиной, д.1, к.1, БЦ «Парк Победы»;https://www.mcxac.ruNone;www.angarapro.ru;info@angarapro.ru;+7(495)269-26-07
Корпоративные геоинформационные системы;;Prime group;123298, г. Москва, 3-я Хорошевская ул. д.12;https://www.mcxac.ru/upload/iblock/acb/acb6c821e2d76c3d5e4c2810dc3af233.pdf;www.primegroup.ru;info@primegroup.ru;+7 (499)579-77-01
LanDocs Express;Современный документооборот.;ГК «ЛАНИТ»;129075, г. Москва, Мурманский проезд, д. 14, к. 1;https://www.mcxac.ruNone;www.lanit.ru;lanit@lanit.ru;+7(495)967-66-50
Модернизация имеющейся ИТ-инфраструктуры в соответствии с инновационными техническими достижениями;;СТК Развитие;127055, г. Москва, ул. Сущёвская, д.27, стр.2, ЭТ/ПОМ/КОМ 3/III/4;https://www.mcxac.ruNone;stcd.ru;global@stcd.ru;+7(495)269-19-57
Контур.Меркурий;Комплексные решения для подготовки отчетности.;СКБ Контур;127018, Москва, ул. Сущевский Вал, 18, этаж 10;https://www.mcxac.ru/upload/iblock/386/386c5e8b932594b9faed8067ca9f96e9.pdf;kontur.ru;info@kontur.ru;8(800)500-50-80
Платформа CRM.КЛИК;Система для крупного производителя сельхоз продукции.;Решения КлиК;Москва, ул. Ибрагимова, д 35, стр. 2, пом.1;https://www.mcxac.ru/upload/iblock/7a7/7a7ea5466d61f4d4fe9e44c91cbd2e47.pdf;www.sysclick.ru;office@sysclick.ru;+7(499)500-96-25
Единый Фермерский портал как электронная торговая площадка;;CorpSoft24;123658, г. Москва, ул. Ленина, д.67;https://www.mcxac.ruNone;www.farms4.ru;it1@corpsoft24.ru;8(800)777-77-77
ТУРБО;Платформа для разработки бизнес приложений и сревисов различной сложности.;ГК «ЛАНИТ»;129075, г. Москва, Мурманский проезд, д. 14, к. 1;https://www.mcxac.ru/upload/iblock/807/8079836ae928d5ce72237a0a81175d1e.pdf;www.lanit.ru;lanit@lanit.ru;+7(495)967-66-50
VideoMost;Единая система для организации многоточечных Full HD видео конференций.;SPIRIT DSP;115114, г/ Москва, Дербеневский 1-й переулок 5, пом 602;https://www.mcxac.ruNone;www.videomost.com;info@videomost.com;+7(499)995-23-85
«КОМРАД»;Система централизованного управления событиями информационной безопасности.;НПО «ЭШЕЛОН»;107023, г. Москва, ул. Электрозаводская, д. 24;https://www.mcxac.ruNone;npo-echelon.ru;partners@npo-echelon.ru;+7(495)223-23-92
FIXAR;Комплексное решение для сельского хозяйства.;FIXAR;"192148, Санкт-Петербург, ул. Ольги Берггольц, д. 40, территория завода ""Патриот""";https://www.mcxac.ruNone;fixar.pro;info@fixar.pro;+7(812)677-14-35
Облачные решения CLOUD4Y;;Cloud4Y;125493, г. Москва, ул. Авангардная, д.3;https://www.mcxac.ruNone;www.cloud4y.ru;support_line50@cloud4y.ru;+7(495)268-04-12
Система видеоконференцсвязи TrueConf Server;;TrueConf;105094, г. Москва, ул. Семёновский Вал, д. 10А;https://www.mcxac.ru/upload/iblock/499/499183f6305668ba656fdb4fe76c85f2.pdf;trueconf.ru;info@trueconf.ru;: +7(495)698-60-66
Модернизация ЦОД (центр обработки данных) и создание платформы визуализации;;DEPO Computers;125222, Москва, Митино, ул. Зенитчиков, д. 12;https://www.mcxac.ru/upload/iblock/32a/32a69ca989074fef44f5aef16c13e329.pdf;www.depo.ru;dialog@depo.ru;+7(495)969-22-22
CarryMap;Создание интерактивных мобильных оффлайн карт из проектов в ArcGIS для широкого круга пользователей.;DATA EAST;630090, Новосибирск, Проспект Академика Лаврентьева 2/2;https://www.mcxac.ru/upload/iblock/d41/d418596c3a81670826eed038b8eec586.pdf;dataeast.com/ru/overview;support@dataeast.com;+7(383)332-03-20
Внедрение системы электронного документооборота на базе платформы управления документами и бизнес-процессами «Тесса» («Tessa»);;Syntellect;105318, Москва, ул. Вельяминовская, 34;https://www.mcxac.ruNone;www.syntellect.ru;nfo@syntellect.ru;+7(495)366-87-77
Zecurion DLP (Data Loss Prevention);Защита конфиденциальной коммерческой информации от утечек.;Zecurion;129164, г. Москва, Ракетный бульвар, 16;https://www.mcxac.ruNone;www.zecurion.ru;info@zecurion.com;+7(495)221-21-60
Размещение оборудования в дата-центре;;Linxdatacenter;127083, Россия, г. Москва, ул. 8 Марта, д. 14, БЦ «Кулон»;https://www.mcxac.ruNone;ru.linxdatacenter.com;info@linxdatacenter.com;+7(495)369-05-94
TDMS;Специализированное программное обеспечение, ориентированное для использования на предприятиях, ведущих проектную, конструкторскую и изыскательскую деятельность.;Нанософт;108811, г. Москва, Румянцево 22-й км Киевского ш., д. 4, стр. 1А, оф. 508А;https://www.mcxac.ruNone;www.nanocad.ru;nano@nanocad.ru;+7(495)645-86-26
nanoCAD Plus;Российская САПР-платформа, содержащая все необходимые инструменты базового проектирования.;Нанософт;108811, г. Москва, Румянцево 22-й км Киевского ш., д. 4, стр. 1А, оф. 508А;https://www.mcxac.ruNone;www.nanocad.ru;nano@nanocad.ru;+7(495)645-86-26
Пакет офисного ПО;;МойОфис;125009, Москва, Большой Гнездниковский переулок, д. 1, строение 2;https://www.mcxac.ruNone;myoffice.ru;contact@ncloudtech.ru;8(800)222-18-88
Инженерное программное обеспечение APM;;Научно-технический центр «АПМ»;141070, Московская область, г. Королев, Октябрьский бульвар, д. 14, офис №6;https://www.mcxac.ruNone;apm.ru;com@apm.ru;+7(495)120-58-10
Интернет-клиент и мобильный банк для юридических лиц на платформе Interbank RS;;R-Style Softlab;127549, Москва, ул. Пришвина, 8;https://www.mcxac.ruNone;www.softlab.ru;sales@softlab.ru;+7(495)796-93-10
NORMACS 4.Х;Профессиональный инструмент для автоматизации работы с нормативно-технической документацией.;Нанософт;108811, г. Москва, Румянцево 22-й км Киевского ш., д. 4, стр. 1А, оф. 508А;https://www.mcxac.ruNone;www.nanocad.ru;nano@nanocad.ru;+7(495)645-86-26
Централизованное управление корпоративными мастер-данными на облачной платформе «Semantic MDM»;;SDI Research;127254, г. Москва, ул. Добролюбова, д. 3, стр. 1, Бизнес Центр «Бастион-​Капитал», оф. 414;https://www.mcxac.ruNone;sdi-solution.ru;info@sdi-solution.ru;+7(495)740-20-42
Технологии и продукты для снижения рисков информационной безопасности, защиты и анализа корпоративных данных для компаний, которые видят свое будущее цифровым;;InfoWatch;121357, г. Москва, ул. Верейская, д. 29, строение 134, 7 этаж;https://www.mcxac.ruNone;www.infowatch.ru;info@infowatch.ru;+7(495)229-00-22
Шлюз безопасности IDECO UTM;Современное решение, основанное на ядре Linux и включающее в себя множество модулей собственной разработки компании.;Ideco;Россия, г. Екатеринбург, ул. Кулибина 2 , офис 500;https://www.mcxac.ruNone;ideco.ru;info@ideco.ru;8(800)555-33-40
Цифровизация сельского хозяйства на примере АИС «Учет и мониторинг сельскохозяйственных земель Новосибирской области»;;Геокад;630034, Новосибирск, ул. Троллейная, д. 35;https://www.mcxac.ru/upload/iblock/c38/c385f20b1194f1245914997223671a6c.pdf;www.geocad.ru;info@geocad.ru;+7(383)352-13-33
Мониторинг и анализ эффективности производственно-финансовой деятельности сельскохозяйственной отрасли региона;;НПО «Криста»;109012, г. Москва, ул. Ильинка, д.4, Бизнес-центр «Капитал», офис 303;https://www.mcxac.ru/upload/iblock/bd3/bd38b5adaeade81f874b826d8369bdc0.pdf;www.krista.ru;info@krista.ru;8(800)200-20-73
«ТЕЗИС»;Система управления документами и задачами.;HAULMONT;443090, Россия, г. Самара, ул. Гастелло, д. 43a;https://www.mcxac.ruNone;www.haulmont.ru;info@haulmont.com;+7(846)273-94-87
CUBA.platform;Современная open source платформа для быстрого создания корпоративных информационных систем.;HAULMONT;443090, Россия, г. Самара, ул. Гастелло, д. 43a;https://www.mcxac.ruNone;www.haulmont.ru;info@haulmont.com;+7(846)273-94-87
BioTime 8;Биометрическая система учета рабочего времени и контроля доступа.;BioLink;125493, Москва, ул. Авангардная, д. 3, 5 этаж, офис 2407;https://www.mcxac.ru/upload/iblock/a2e/a2e23ee278e0e990c42eec2830cac913.pdf;www.biolink.ru;sales@biolink.ru;+7(499)281-69-35
DeviceLock DLP;Программный комплекс защиты от утечек данных с корпоративных компьютеров.;Смарт Лайн Инк;107023, г. Москва, Семеновская Малая ул, д.9, стр. 14Б;https://www.mcxac.ruNone;www.devicelock.com/ru;None;+7(495)647-99-37
PROMT Analyzer SDK;Точные и гибкие инструменты для обработки текстов и документов на естественных языках на основе уникальной технологии PROMT.;PROMT;199155, Санкт-Петербург, Уральская улица, д. 17, лит. Е, кор. 3;https://www.mcxac.ruNone;www.promt.ru;corporate@promt.ru;+7(812)655-03-50
Рутокен;Аппаратные и программные решения в области аутентификации, защиты информации и электронной подписи.;Компания «Актив»;115088, Москва, улица Шарикоподшипниковская, дом 1, Бизнес-центр «Прогресс-Плаза»;https://www.mcxac.ruNone;https://www.aktiv-company.ru;info@rutoken.ru;+7(495)925-77-90
BI-платформа;Аналитическая платформа для предприятий сельского хозяйства;Полиматика;127015, Москва, ул. Новодмитровская, д. 2, к. 1, БЦ «Савеловский Сити», Корпус Goodman, 2-ой этаж Телеф;https://www.mcxac.ru/upload/iblock/b3d/b3df94ec093ffc05e126799c593183f4.pdf;www.polymatica.ru;sales@polymatica.ru;+7(495)748-84-84
ORBISmap;Современная геоинформационная платформа для визуализации, хранения и управления пространственными данными в сети Интернет.;ORBIS;248001, г. Калуга, ул. Кирова 54а, 3 этаж;https://www.mcxac.ru/upload/iblock/c9e/c9e8f2c2233d7518f57b45bb337a8cfb.pdf;www.orbisystems.ru;info@orbisystems.ru;+7(495)509-69-56
CRM Мегаплан;Центр управления продажами.;Мегаплан;115162, г. Москва, ул. Шухова, д. 14, э. -1, пом. 25;https://www.mcxac.ruNone;www.megaplan.ru;info@megaplan.ru;8(800)555-56-37
Indeed Access Manager;Платформа для построения системы централизованного управления доступом пользователей к информационным ресурсам компании.;INDEED;121609, Россия, Москва, БЦ Крылатский, Осенний бульвар, дом 23, офис 312;https://www.mcxac.ruNone;indeed-id.ru;inbox@indeed-id.com;+7(495)640-06-09
Транспортные компьютеры;;AdvantiX;117279, Москва, ул. Профсоюзная, д. 108;https://www.mcxac.ruNone;www.advantix-pc.ru;info@advantix-pc.ru;+7(495)232-16-93
Электронный документооборот в грузоперевозках;;Synerdocs;426011, г. Ижевск, пер. Северный, д.61, оф. 904;https://www.mcxac.ruNone;www.synerdocs.ru;office@synerdocs.ru;8(800)234-09-16
Система электронного документооборота (ЭДО);Опыт внедрения в агрохолдинге «Кургансемена».;Synerdocs;426011, г. Ижевск, пер. Северный, д.61, оф. 904;https://www.mcxac.ru/upload/iblock/d64/d64e72c0dc9d69c1cbbbc0b31c241cad.PDF;www.synerdocs.ru;office@synerdocs.ru;8(800)234-09-16
Геоинформационная платформа NextGIS;;NextGIS;107078, г. Москва, ул. Новая Басманная, д. 23Б, стр. 20, офис 201;https://www.mcxac.ru/upload/iblock/108/108ad065ef73616981c057b798dcb180.pdf;nextgis.ru;info@nextgis.com;+7(968)730-52-52
«Парус - Управление имуществом»;Построение эффективной системы управления имуществом.;Парус;Москва, ул. Ярославская, д.10, корп.4;https://www.mcxac.ru/upload/iblock/c50/c50daf477be5cde266e9234f1195ff57.pdf;parus.com;office@parus.com;+7(495)617-42-22
Программный комплекс «Terra.Геодезия»;Обработка геодезических измерений,создание цифровых топографических планов, создание и ведение геоинформационных систем.;Производственный кооператив «ГЕО»;248018, г. Калуга, ул. Константиновых, 7а, корпус №2;https://www.mcxac.ru/upload/iblock/26f/26f54296a9a1b32f90c903635abfecd1.pdf;www.geo.su;pr@geo.su;+7(4842)53-61-00
Alpha BI;Платформа бизнес-аналитики, позволяющая быстро принимать управленческие решения, получая полезные сведения на основе проанализированных данных.;БАРС Груп;115054, г. Москва, ул. Дубининская, 57, ст. 2;https://www.mcxac.ruNone;bars.group;bars@bars.group;8(800)500-01-91
«БАРС. Бюджет Зарплата и Кадры»;Система кадрового учёта сотрудников, оптимизации и планирования кадровой структуры, а также расчёта заработной платы.;БАРС Груп;115054, г. Москва, ул. Дубининская, 57, ст. 2;https://www.mcxac.ruNone;bars.group;bars@bars.group;8(800)500-01-91
«БАРС. Бюджет - Планирование»;Комплекс программных и технических средств, предназначенных для перевода в цифровой формат процесса сбора данных бюджето-получателей.;БАРС Груп;115054, г. Москва, ул. Дубининская, 57, ст. 2;https://www.mcxac.ruNone;bars.group;bars@bars.group;8(800)500-01-91
«Информационно-аналитическая система управления закупочной деятельностью»;Автоматизация полного цикла закупочной деятельности.;БАРС Груп;115054, г. Москва, ул. Дубининская, 57, ст. 2;https://www.mcxac.ruNone;bars.group;bars@bars.group;8(800)500-01-91
«Управление проектами»;Система, обеспечивающая проектную деятельность на всех этапах жизненного цикла проекта.;БАРС Груп;115054, г. Москва, ул. Дубининская, 57, ст. 2;https://www.mcxac.ruNone;bars.group;bars@bars.group;8(800)500-01-91
«Облачные системы бухгалтерского учета»;Сиситема централизованного ведения бухгалтерского учета.;БАРС Груп;115054, г. Москва, ул. Дубининская, 57, ст. 2;https://www.mcxac.ruNone;bars.group;bars@bars.group;8(8000500-01-91
Гарда Монитор;Программно-аппартный комплекс для выявления и расследования сетевых инцидентов.;Гарда Технологии;119607, г. Москва, Мичуринский пр-т, д.27 стр.5;https://www.mcxac.ruNone;gardatech.ru;info@gardatech.ru;+7(495)540-05-27
Гарда Предприятие;Система для защиты от утечек информации и выявления потенциальных угроз информационной безопасности.;Гарда Технологии;119607, г. Москва, Мичуринский пр-т, д.27 стр.5;https://www.mcxac.ruNone;gardatech.ru;info@gardatech.ru;+7 (495) 540-05-27
Гарда БД;Аппаратно-программный комплекс по обеспечению безопасности СУБД и аудита операций с базами данных.;Гарда Технологии;119607, г. Москва, Мичуринский пр-т, д.27 стр.5;https://www.mcxac.ruNone;gardatech.ru;info@gardatech.ru;+7 (495) 540-05-27
«ЦФТ-Корпорация»;Автоматизация централизованного финансового управления.;Центр Финансовых Технологий;125284, г. Москва,​​​​​ Ленинградский пр-т, 31А стр.1, БЦ «Монарх», 17 этаж;https://www.mcxac.ruNone;www.cft.ru;Moscow@cft.ru;+7(495)780-50-12
Единая цифровая платформа-экосистема для повышения эффективности и прозрачности всех процессов для компаний АПК;;ИНЛАЙН ГРУП;125284, г. Москва, Хорошёвское ш., д. 38, корп.1, 3 этаж, пом.1, ком. 35;https://www.mcxac.ru/upload/iblock/809/8090b9dc60b25e753cb7af8cbbb9482e.pdf;inlinegroup.ru;info@inlinegroup.ru;+7(495)787-59-40
StaffCop Enterprise;Программный комплекс для контроля информации, действий пользователей и системных событий на рабочих компьютерах.;Атом Безопасность;630090, г. Новосибирск, проспект Академика Коптюга, д. 4;https://www.mcxac.ruNone;www.staffcop.ru;sales@staffcop.ru;+7(499)653-71-52
«Цифровое предприятие»;Отечественный комплекс информационных систем в защищенном исполнении, решающий задачи по управлению жищзненным циклом и ресурсами предприятия.;ВНИИЭФ;607188, Нижегородская обл., г. Саров, пр. Мира, 37;https://www.mcxac.ru/upload/iblock/f49/f493206322426447fe385bf872b41ee3.pdf;www.vniief.ru;staff@vniief.ru;+7(83130)2-48-02
Гарда Аналитика;П построения комплексных систем информационной безопасности.;Гарда Технологии;119607, г. Москва, Мичуринский пр-т, д.27 стр.5;https://www.mcxac.ru/upload/iblock/a17/a17a8215c88c2715853a9d892501c216.pdf;https://gardatech.ru;info@gardatech.ru;+7(495)540-05-27
Система электронного документооборота «Дело»;Решение для работы с документами.;Электронные Офисные Системы;107113, г. Москва, ул. Шумкина, д. 20 стр.1;https://www.mcxac.ruNone;www.eos.ru;partners@eos.ru;+7(495)737-99-91
«БФТ.е-Архив»;Экосистема хранения и анализа данных.;Бюджетные и финансовые технологии;127018, г. Москва, ул. Складочная, д.3, стр.1;https://www.mcxac.ruNone;https://bftcom.com;ineed@bftcom.com;+7(495)784-70-00
Строительство слаботочной инфраструктуры;;BELTEL;111250, Москва, проезд завода «Серп и Молот», д. 6, к. 1;https://www.mcxac.ruNone;https://www.beltel.ru;info@beltel.ru;+7(495)981-00-44
Оптимизация технологического процесса;Аналитика накопленных данных о протекании технологического процесса.;BELTEL;111250, Москва, проезд завода «Серп и Молот», д. 6, к. 1;https://www.mcxac.ruNone;https://www.beltel.ru;info@beltel.ru;+7(495)981-00-44
Интернет-платформа для коммуникации в сельскохозяйственной сфере;;Direct.Farm;350033, г. Краснодар, улица Ставропольская дом 45;https://www.mcxac.ru/upload/iblock/801/8011d6b8607e20663d387bc137aa9ad9.pdf;www.direct.farm;info@direct.farm;8(800)333-89-20
Информационное моделирование на базе технологии easyBIM;;РТЛабс;108811, г. Москва, 22 км. Киевского шоссе, д. 6 стр. 1;https://www.mcxac.ru/upload/iblock/21b/21bea385fb6609473cfcb5ea07d3b35e.pdf;https://www.rtlabs.ru;info@rtlabs.ru;+7(495)122-23-33
Directum RX;Интеллектуальная система управления цифровыми процессами и документами.;Directum;115432, г. Москва, проспект Андропова, д. 18, корп.7, 5 этаж, офис 13;https://www.mcxac.ru/upload/iblock/474/47468cb0b04e3db115e4170558369262.PDF;www.directum.ru;office@directum.ru;+7(499)277-15-60
"Акционерное общество  ""Республиканский информационно-вычислительный центр""";Цифровизация АПК, сбор аналитических показателей, разработка программного обеспечения, маркетинг;"АО ""РИВЦ""";420014, г. Казань, ул. Федосеевская д.36;https://www.mcxac.ru/upload/iblock/0b7/0b7ae0ccde31b85472056442e350dad3.pdf;www.rivts.ru;Danis.Sayfutdinov@tatar.ru;8 (800) 550-24-41
Сервисы для сельского хозяйства;;ExactFarming;143026, г. Москва, территория инновационного центра  «Сколково», Большой бул., д. 42,  стр. 1;https://www.mcxac.ru/upload/iblock/01b/01b8b09d1a868864ee3dd23d8dee7e64.pdf;www.exactfarming.com;support@exactfarming.com;+7(499)346-64-38
«Агрософт: Весовая»;Сервис для автоматизации учета взвешиваний в сельском хозяйстве.;"ООО ""АгроСофт""";353730, Краснодарский край, ст-ца Каневская, ул. Нестеренко 110а;https://www.mcxac.ru/upload/iblock/c65/c653413e144f74678b322369d13c2ff8.pdf;www.agrosoft.ru;ipyatina@agrosoft.ru;+7(495)215-51-74
AC «REGAGRO»: Пасека;Мобильное приложение для пчеловодов, автоматически предупреждающее об обработке полей агрохимикатами.;REGAGRO;143026,  г. Москва территория Инновационного центра «Сколково», ул.Нобеля, 7, 3/50/3;https://www.mcxac.ru/upload/iblock/1e8/1e8bed858a6385f5608eb66a2c39b18c.pdf;www.regagro.ru;direct@regagro.ru;+7(985)001-98-85
«Молочная ферма»;Мобильное приложение - система управления молочным стадом.;REGAGRO;143026,  г. Москва территория Инновационного центра «Сколково», ул.Нобеля, 7, 3/50/3;https://www.mcxac.ru/upload/iblock/12e/12eaa55567ea99bdbdad7c7c31867db1.pdf;www.1fmilk.ru;direct@regagro.ru;+7(985)001-98-85
AC «REGAGRO»: КПК Ветврач;Мобильное приложение для основных рабочих операций ветеринарного врача в полевых условиях.;REGAGRO;143026,  г. Москва территория Инновационного центра «Сколково», ул.Нобеля, 7, 3/50/3;https://www.mcxac.ru/upload/iblock/279/279d570e1a74b2b0a71b541378e32507.pdf;www.regagro.ru;direct@regagro.ru;+7(985)001-98-85
AC «REGAGRO»: Аналитика;Бесплатный программный комплекс для анализа эпизоотической ситуации в субъектах РФ.;REGAGRO;143026,  г. Москва территория Инновационного центра «Сколково», ул.Нобеля, 7, 3/50/3;https://www.mcxac.ru/upload/iblock/3c5/3c56692bd677f0efead5f92cd084bf95.pdf;www.regagro.ru;direct@regagro.ru;+7(985)001-98-85
AC «REGAGRO»: Отчетность;Программный компонент для автоматизации отчетности районных предприятий государственной ветеринарной службы.;REGAGRO;143026,  г. Москва территория Инновационного центра «Сколково», ул.Нобеля, 7, 3/50/3;https://www.mcxac.ru/upload/iblock/e57/e57729dcf36d5e285fb896525259e027.pdf;www.regagro.ru;direct@regagro.ru;+7(985)001-98-85
AC «REGAGRO»: Лаборатория ветеринарно-санитарной экспертизы;Программный компонент для лабораторий ветеринарно-санитарной экспертизы на рынках и убойных пунктах.;REGAGRO;143026,  г. Москва территория Инновационного центра «Сколково», ул.Нобеля, 7, 3/50/3;https://www.mcxac.ru/upload/iblock/d9a/d9afab6c749f415b207a567c901c5d60.pdf;www.regagro.ru;direct@regagro.ru;+7(985)001-98-85
AC «REGAGRO»: Эпизоотология;Программный комплекс по мониторингу эпизоотической ситуации и карантинных мер.;REGAGRO;143026,  г. Москва территория Инновационного центра «Сколково», ул.Нобеля, 7, 3/50/3;https://www.mcxac.ru/upload/iblock/15f/15fca88703d94c9a23d3486900ab2bb3.pdf;www.regagro.ru;direct@regagro.ru;+7(985)001-98-85
AC «REGAGRO»: Регистрация;Программный компонент для учета и регистрации сельскохозяйственных животных.;REGAGRO;143026,  г. Москва территория Инновационного центра «Сколково», ул.Нобеля, 7, 3/50/3;https://www.mcxac.ru/upload/iblock/22d/22df509e0f32c7cdc6c5d65bd19fab61.pdf;www.regagro.ru;direct@regagro.ru;+7(985)001-98-85
Агрокомплекс 3.0;Программное решение для планирования, оперативного и бухгалтерского учета на сельскохозяйственных и перерабатывающих предприятиях.;"ООО ""АдептИС""";394026, г. Воронеж, пр-т Труда, д. 111;https://www.mcxac.ru/upload/iblock/33b/33beb4a142319d7dcb22c70df1815e83.pdf;www.adeptis.ru;root@adeptis.ru;+7(473)207-03-47
PYLOT;Информационно-аналитическая платформа осуществляющая контроль и направленная на повышение эффективности тепличного производства.;PYLOT;101000, г. Москва, ул. Мясницкая, д.13, стр. 18;https://www.mcxac.ru/upload/iblock/188/188909651516ab7fa0af28ab4903e640.pdf;www.pylot.nl/ru;info@pylot.nl;+7(965)126-59-08
Hecterra;Приложение для агросектора, позволяющее отслеживать ход полевых работ на основе телематических данных.;Gurtam;111141, г. Москва, Зеленый пр-т, 5/12-149А;https://www.mcxac.ru/upload/iblock/ec7/ec74e62d1e414bc3095af0c3d82335dc.pdf;www.gurtam.com/ru;info@gurtam.com;+7(495)369-00-60
Direktiva.ai: Санитария;Система видеоаналитики гигиены рук.;Connectome.ai;127055, г. Москва, ул. Новослободская, д. 45, корп. В;https://www.mcxac.ru/upload/iblock/bca/bca6be2cc1ee5fe06406a3f5310bc8be.pdf;connectome.ai;info@connectome.ai;+7(495)369-01-95
Direktiva Tracking;Программное обеспечение для автоматического отслеживания работы персонала в птичниках и сбора статистики по выполнению регламента в производственных помещениях;Connectome.ai;127055, г. Москва, ул. Новослободская, д. 45, корп. В;https://www.mcxac.ru/upload/iblock/a63/a636c923c37d3de617b3d27c7dc15fec.pdf;connectome.ai;info@connectome.ai;+7(495)369-01-95
Animal Care:Calving;Система мониторинга рождения телят.;Connectome.ai;127055, г. Москва, ул. Новослободская, д. 45, корп. В;https://www.mcxac.ru/upload/iblock/c87/c872e8135f5765168932e131efa3a364.pdf;connectome.ai;info@connectome.ai;+7(495)369-01-95
"«Агросистема ""КлеверFarmer""»";Цифровая платформа для рационального управления растениеводством в агрохозяйствах.;"ООО ""Лаборатория Минимакс""";121205, г. Москва, Технопарк Сколково, ул. Нобеля, д.7;https://www.mcxac.ru/upload/iblock/da1/da1ca082aed9598e2119480fc5dd55fb.pdf;www.cleverfarmer.ru;info@cleverfarmer.ru;+7(495)657-98-78
«Свое Фермерство»;Цифровая экосистема для предприятий агропромышленного комплекса.;АО «Россельхозбанк»;123112, г. Москва, пресненская наб., д. 10, стр. 2;https://www.mcxac.ru/upload/iblock/a53/a53fbe85da5ce36a789d5d70b529b3fe.pdf;https://www.rshb.ru/;lyubaevaLV@rshb.ru;+7(495)787-77-87 (2249)
«Сам себе хозяин»;Специализированное мобильное приложение для самозанятых граждан.;АО «Россельхозбанк»;123112, г. Москва, пресненская наб., д. 10, стр. 2;https://www.mcxac.ru/upload/iblock/c48/c483b3b4d6c2d6cb41b47f869eeba7f0.pdf;www.rshb.ru;teslinav@rshb.ru;+7(495)787-77-87
Агро Маркетплейс;Web-сервис, использующий ГИС технологии;Аэромакс;115432, г. Москва, ул. Малая Дмитровка, д. 5/9;https://www.mcxac.ru/upload/iblock/616/616d7cce9386e1068d4250c77936e377.pdf;aerom.ax;info@aerom.ax;+7(495)921-42-42
Доильные системы Milkline;Эффективные решения для крупных хозяйств;Milkline;141280, Московская обл., Ивантеевка, Фабричный пр-д, 1;https://www.mcxac.ru/upload/iblock/0af/0afa50d794ab5553837a8822b39e6f81.pdf;www.milkline.com/ru;russia@milkline.com;+7(499)948-20-86
GIS WebServer AGRO;Удалённый доступ к системе управления земледелием сельскохозяйственного предприятия на основе ГИС «Панорама АГРО».;Конструкторское бюро «Панорама»;119017, Москва, Пыжевский переулок, д. 5, стр. 3, этаж 2, офис 4;https://www.mcxac.ru/upload/iblock/0bd/0bde6b18ce37d87cb54330eccd9fadc1.pdf;gisinfo.ru;kb@gisinfo.ru;+7(495)739-02-45
CRM;Прикладное программное обеспечение для дилера пшеницы и других зерновых.;Решения КлиК;Москва, ул. Ибрагимова, д 35, стр. 2, пом.1;https://www.mcxac.ru/upload/iblock/0b0/0b0b8342059668dfea50fff914f6ff13.pdf;www.sysclick.ru;office@sysclick.ru;+7(499)500-96-25
NIRS «Кормовая сеть»;Экономическая эффективность современных методов мониторинга питательности сырья для производства комбикормов.;МЕГАМИКС;400123, г. Волгоград, ул. Хрустальная, 107, оф.1;https://www.mcxac.ru/upload/iblock/da3/da3c0c320ad9e7091de67870ca6bacf5.pdf;https://www.megamix.ru;info@megamix.ru;+7(8442)97-97-97
Организация производства радиоэлектронных комплексов мониторинга статуса крупного рогатого скота;;РУТЕХ;Москва, Лихоборская наб., д. 8, строение 2, офис 24;https://www.mcxac.ru/upload/iblock/d18/d18b13b1b5a2e8b88056870974e76501.pdf;rutekh.ru;info@rutekh.ru;+7(495)419-01-70
DataFlow™ II;Система цифрового управления стадом.;Milkline;141280, Московская обл., Ивантеевка, Фабричный пр-д, 1;https://www.mcxac.ru/upload/iblock/8a0/8a041dd46de737e7d989bef355dc8a5b.pdf;www.milkline.com/ru;russia@milkline.com;+7(499)948-20-86
Nedap Livestock Management;Автоматизация сельского хозяйства с использованием индивидуальной идентификации животных.;Nedap;7141 DC Груэнло, Параллелвег 2, Нидерланды;https://www.mcxac.ru/upload/iblock/2aa/2aabaf78b753b95ec4194f3b27c54476.pdf;www.nedap-livestockmanagement.com;sale@securityrussia.com;+7-915-204-99-75
Оптимизация процесса уборки сельскохозяйственных угодий;;GMCS;119602, г. Москва,  ул. Покрышкина, д. 7;https://www.mcxac.ru/upload/iblock/efb/efb91a573511219eeea92f52981a8584.pdf;https://www.gmcs.ru;info@gmcs.ru;+7(495)737 99 91
АгроМон;Веб-сервис для управления растениеводческим предприятием.;АгроМон;;https://www.mcxac.ru/upload/iblock/eec/eec05175e92b7cd07a0cb9a83c306602.pdf;http://agromon.ru;: ep@agromon.ru;+7(915)000-64-98
АВЕРС: Управление лесным фондом ПРОФ;Информационная система комплексной автоматизации деятельности в области лесных отношений.;Аверс информ;453505, Респ. Башкортостан, г. Белорецк, ул. 50 лет Октября, 55/1;https://www.mcxac.ru/upload/iblock/e9f/e9fe71ce1b1cd8117235dd5b123ac22b.pdf;www.aversit.ru;32020@aversit.ru;+7(34792)3-20-20
Информационная платформа «Спаси пчел»;Технологии и коммуникации для предотвращения массовой гибели пчел.;Билайн;;https://www.mcxac.ru/upload/iblock/74f/74f49012bf7486f95e71988402002f15.pdf;moskva.beeline.ru/business/main;media@beeline.ru;+7(495)139-27-26
Чипирование домашних животных;Идентификация животных, упрощение поиска в случае потери, контроль состояние его здоровья.;Группа компаний «Техносерв»;111395, Москва, ул. Юности, д. 13;https://www.mcxac.ru/upload/iblock/3cc/3cc4e030551bf9fde1dd7f8a116e3a7b.pdf;https://technoserv.com;tsas@technoserv.com;+7(495) 790-79-79
АРМ инженера СХП;Инструмент для эффективного контроля над эксплуатацией, обслуживанием и ремонтом сельскохозяйственной техники.;Комплексные Цифровые Технологии;119270 г. Москва, ул. 3-я Фрунзенская, 9-153;https://www.mcxac.ru/upload/iblock/29d/29deb239ed2a6f12ba1d1621f2e62a1a.pdf;www.kctech.ru;info@kctech.ru;+7(985)768-37-64
SprutCAM;Автоматизация машиностроительного производства в АПК.;Центр СПРУТ-Т;111250, г. Москва, ул. Красноказарменная, д. 3, стр. 5;https://www.mcxac.ru/upload/iblock/b5c/b5c0c1a0e609562adacb9165efb3f7cf.pdf;csprut.ru;office@csprut.ru;8(800)775-84-22
Решения для сельского хозяйства;Контроль и инвентаризация полей.;МегаФон;127006, г. Москва, Оружейный переулок, д. 41, офис 517;https://www.mcxac.ru/upload/iblock/212/212df3f9f80847a865ca92d1829a796d.pdf;https://corp.megafon.ru;info@megafon.ru;+7(495)504-50-20
Delta Design;Система разработки и проектирования электронных устройств.;EREMEX;117437, г. Москва, ул. Профсоюзная 108;https://www.mcxac.ru/upload/iblock/614/6140f8054547920a0ab827e8089a7735.pdf;eremex.ru;info@eremex.ru;+7 (495) 232-18-64
Система планирования работы парка сельскохозяйственной техники;;Борлас;117105, Москва, Новоданиловская наб., дом 4а Телефон;https://www.mcxac.ru/upload/iblock/c96/c9698cabd5e22ba3675b6428394f8390.pdf;www.borlas.ru;info@borlas.ru;+7(495)478-77-00
БорласАгросистема;Информационно-аналитическая система управления производственными процессами в растениеводческом холдинге.;Борлас;117105, Москва, Новоданиловская наб., дом 4а;https://www.mcxac.ru/upload/iblock/c21/c21ab6cae661f9f860bfb8811cd4fff8.pdf;www.borlas.ru;info@borlas.ru;+7(495)478-77-00
«БАРС.Сельское хозяйство - Субсидирование»;Цифровизация процесса предоставления государственных услуг, связанных с субсидированием процентных ставок по кредитам граждан и СХТП в АПК.;БАРС Груп;115054, г. Москва, ул. Дубининская, 57, ст. 2;https://www.mcxac.ru/upload/iblock/4c0/4c0c1888a9de06e441957185f8f208ab.pdf;bars.group;bars@bars.group;8(800)500-01-91
«БАРС. Муниципалитет -Электронная хозяйственная книга»;Система оптимизации процессов учета личных подсобных хозяйств, контроля поступающей информации по сельским поселениям и городским округам в режиме онлайн.;БАРС Груп;115054, г. Москва, ул. Дубининская, 57, ст. 2;https://www.mcxac.ru/upload/iblock/d7c/d7c9494654baeb906232f92527d349dc.pdf;bars.group;bars@bars.group;8(800)500-01-91
ИАС «Мониторинг ветеринарии»;Сиситема сбора и анализа показателей отрасли ветеринарии в субъектах и муниципалитетах РФ.;БАРС Груп;115054, г. Москва, ул. Дубининская, 57, ст. 2;https://www.mcxac.ru/upload/iblock/530/530584f85b8c42508586a923dab27fb9.pdf;bars.group;bars@bars.group;8(800)500-01-91
Мониторинг Сельского хозяйства;Система сбора и анализа показателй сельскохозяйственной отрасли в субъектах и муниципалитетах РФ.;БАРС Груп;115054, г. Москва, ул. Дубининская, 57, ст. 2;https://www.mcxac.ru/upload/iblock/342/342638e08952d02d3de54592193bf7d2.pdf;bars.group;bars@bars.group;8(800)500-01-91
«Искусственный интеллект в помощь агроному»;Формирование оптимальной структуры посевных площадей.;Борлас;Россия, 117105, Москва, Новоданиловская наб., дом 4а;https://www.mcxac.ru/upload/iblock/319/3193a3d596989cf84f663096e0bb79ae.pdf;www.borlas.ru;info@borlas.ru;: +7(495)478-77-00
TELEMATICS;Объединенные в сеть сельскохозяйственные машины.;CLAAS;109147, г.Москва, ул. Таганская, 17-23, метро Марксистская;https://www.mcxac.ru/upload/iblock/3ff/3ff20169bfe9c4d19475a683f1804039.pdf;www.claas.ru;info-ru@claas.com;+7(495)644-13-74
«БАРС.Сельское хозяйство - Ветеринария»;Осуществления в цифровом формате процессов ветеринарного учёта.;БАРС Груп;115054, г. Москва, ул. Дубининская, 57, ст. 2,;https://www.mcxac.ru/upload/iblock/cc5/cc54626016633acf759b92da2c3c3897.pdf;bars.group;bars@bars.group;8(800)500-01-91
«БАРС.Сельское хозяйство - Ветнадзор»;Цифровая платформа ветеринарного надзора.;БАРС Груп;115054, г. Москва, ул. Дубининская, 57, ст. 2;https://www.mcxac.ru/upload/iblock/d54/d5463d49227f9eef17e71f623b5f8cbb.pdf;bars.group;bars@bars.group;8(800)500-01-91
ИАС «Управление строительством»;Решение для эффективного управления бизнес-процессами на всех этапах жизненного цикла объекта капитального строительства.;БАРС Груп;115054, г. Москва, ул. Дубининская, 57, ст. 2;https://www.mcxac.ru/upload/iblock/449/4499b5a5fc17d7b3a97cbb68d040f60f.pdf;bars.group;bars@bars.group;8(800)500-01-91
Высокоточные технологии на базе RTK станций;;Topcon;107023, г. Москва, ул. Малая Семеновская,  д.9, с.6;https://www.mcxac.ru/upload/iblock/236/2361b74741eb035124d291225e4b678d.pdf;agro.topcon.pro;agro@topcon.pro;+7(495)126-07-57
iDecide;Прототип электронной системы голосования, основанный на технологии блокчейн.;SolarLab;299011, г. Севастополь, ул. Большая Морская, д. 23, офис 370;https://www.mcxac.ru/upload/iblock/379/37924308a56c403629664f3609fa4439.pdf;www.solarlab.ru/index.html;office@solarl.ru;+7(978)793-44-24
Геоинформационная система сельского хозяйства;Система мониторинга земель сельскохозяйственного назначения.;DATUM Soft;344011, Ростовская область, г. Ростов-на-Дону, Доломановский переулок, дом 70г;https://www.mcxac.ru/upload/iblock/698/698a840e494a789c5b753c05099b3581.pdf;datum-soft.ru;soft@datum-soft.ru;+7(863)303-30-70
Инвентаризация сельскохозяйственных земель;Геоинформационные системы и аэрокосмический мониторинг;Совзонд;115563, г. Москва, ул. Шипиловская, 28а, бизнес центр «Милан»;https://www.mcxac.ru/upload/iblock/53d/53d4cd7dc99ec3ca0dee4b1ae6f704dd.pdf;sovzond.ru;sovzond@sovzond.ru;+ 7(495)642-8870,
КОСМОСАГРО;Облачный онлайн-сервис для ведения непрерывного мониторинга состояния и использования сельскохозяйственных угодий, включая получение точных данных о границах полей, площадях посевов, состоянии сельскохозяйственных культур.;Группа компаний «СКАНЭКС»;г. Москва, 22-ой км. Киевского шоссе, домовладение 4, Бизнес-парк «Румянцево», корп. А, 8 подъезд, 8 этаж, офис 819А;https://www.mcxac.ru/upload/iblock/563/5635edcfd2562d7d4bc85e7821222be7.pdf;www.scanex.ru;info@scanex.ru;+7(495)739-73-85
Cервисы по оценке состояния сельскохозяйственных земель;;ZALA AERO GROUP;123154, г. Москва, ул. Саляма Адиля, д. 9к3;https://www.mcxac.ru/upload/iblock/789/789b8f02ce651cabaaba8a31204c2743.pdf;zala-aero.com;info@zala.aero;+7(495)66-55-120
Корпоративные геоинформационные системы;Услуги в области разработки геосервисов.;Prime group;123298, г. Москва, 3-я Хорошевская ул. д.12;https://www.mcxac.ru/upload/iblock/279/279e73459c8b4aea35c5032296f81bce.pdf;www.primegroup.ru;info@primegroup.ru;+7(499)579-77-01
Мониторинг и Цифровизация мелиоративных систем и гидротехнических сооружений;Мониторинг мелиоративных систем с использованием данных космической съемки и БПЛА;Аэромакс;115432, г. Москва, Россия, ул. Малая Дмитровка, д. 5/9;https://www.mcxac.ru/upload/iblock/1e6/1e656af502495dec6ee12420f2941b07.pdf;aerom.ax;info@aerom.ax;+7(495)921-42-42
WingtraOne;Беспилотный летательный аппарат для геодезии и картографии;Technokauf;108811, г. Москва, 22-й километр Киевское шоссе (п Московский), домовлад 4 стр 5, блок е этаж 4 офис 400е;https://www.mcxac.ru/upload/iblock/db5/db5be4cc552ef38a2ca92dc96244c848.pdf;technokauf.ru;info@technokauf.ru;+7(495)363-15-59
Оценка состояния и Инвентаризация сельхозугодий;Российский разработчик и производитель БПЛА.;ZALA AERO GROUP;123154, Москва, ул. Саляма Адиля, д. 9к3;https://www.mcxac.ru/upload/iblock/7ca/7ca51ec27923055f8d25b025704b8e66.pdf;zala-aero.com;info@zala.aero;+7(495)66-55-120
Сервис спутникового мониторинга сельскохозяйственных угодий;Мониторинг сельскохозяйственных угодий с использованием данных космической съемки и БПЛА;Аэромакс;115432, г. Москва, Россия, ул. Малая Дмитровка, д. 5/9;https://www.mcxac.ru/upload/iblock/68f/68fcd5da117df6558dd37a93fc34fb97.pdf;aerom.ax;info@aerom.ax;+7(495)921-42-42
Альбатрос;Беспилотные летательные комплексы для агросферы.;Геомир;141006, Московская обл.,г. Мытищи, Олимпийский пр-т, 50;https://www.mcxac.ru/upload/iblock/c80/c80a747d6ba3351ebd2e50a67c0cf0b6.pdf;www.geomir.ru;helpdesk@geomir.ru;+7(495)788-85-90
None;None;None;None;https://www.mcxac.ruNone;None;None;None
FIXAR;Эффективные дроны для решения отраслевых задач;FIXAR;192148, Санкт-Петербург, ул. Ольги Берггольц, д. 40, территория завода «Патриот»;https://www.mcxac.ru/upload/iblock/713/7133852e1d99e46a83d3395d11bf7244.pdf;fixar.pro;info@fixar.pro;+7(812)677-14-35
Мониторинг сельскохозяйственных объектов с помощью БПЛА;;Концерн «Автоматика»;127106, г. Москва, ул. Ботаническая, д.25;https://www.mcxac.ru/upload/iblock/022/0229ba06c62a8fa4da5c4dc522b11699.pdf;www.ao-avtomatika.ru;mail@ao-avtomatika.ru;+7(495)250-33-33
АгроФлот;Картография высокого разрешения для точного земледелия.;GeosAero;440026, г. Пенза, ул. Володарского, д. 2/ ул. Карла Маркса, д. 20;https://www.mcxac.ru/upload/iblock/dff/dff0db337995c9c731588b40bcf3f393.pdf;geosaero.ru;somov@geosaero.ru;+7(927)386-06-62
Инструменты аналитики и оценки эффективности для современного цифрового земледелия с помощью БПЛА;;GeosAero;440026, г. Пенза, ул. Володарского, д. 2/ ул. Карла Маркса, д. 20;https://www.mcxac.ru/upload/iblock/0c3/0c38786c00e7b6543b28618180d6780f.pdf;geosaero.ru;somov@geosaero.ru;+7(927)386-06-62
Геоскан 201 АГРО;Картографирование и мониторинг земель сельскохозяйственного назначения.;Геоскан;123242, Москва, ул. Большая Грузинская д. 12, строение 2+7(495)601-98-90;https://www.mcxac.ru/upload/iblock/aac/aac449b794ee31f7f5292cac4305bf96.pdf;www.geoscan.aero/ru;info@geoscan.aero;+7(495)601-98-90
Инвентаризация земель с помощью БПЛА;;Геоскан;123242, Москва, ул. Большая Грузинская д. 12, строение 2;https://www.mcxac.ru/upload/iblock/fab/fab78a926f4b1af93fa444192c7aa872.pdf;www.geoscan.aero/ru;info@geoscan.aero;+7(495)601-98-90
Беспилотная сельхозтехника;;Группа компаний «Техносерв»;111395, Москва, ул. Юности, д. 13;https://www.mcxac.ru/upload/iblock/3bf/3bfb89099a0d08a4106d7b10cd7ed80c.pdf;https://technoserv.com;tsas@technoserv.com;+7(495)790-79-79
